market,model_family,week_start,spend,sessions,DCFS,forms_started,impressions,cpl_dcfs,visit_to_lead_rate
CZ,Macan,2025-08-18,897.700005204918,2061,0,13,287561,,0.0
CZ,Macan,2025-08-25,904.8503092622951,2320,1,9,278906,904.8503092622951,0.0004310344827586207
CZ,Macan,2025-09-01,984.1180289754099,2129,1,10,319258,984.1180289754099,0.0004697040864255519
CZ,Macan,2025-09-08,1075.6106022131148,1896,3,8,268668,358.5368674043716,0.0015822784810126582
CZ,Macan,2025-09-15,1004.6613760245901,2454,0,6,298704,,0.0
CZ,Macan,2025-09-22,965.2378246311475,2082,1,5,276302,965.2378246311475,0.0004803073967339097
CZ,Macan,2025-09-29,1558.1571821311475,3476,0,14,475781,,0.0
CZ,Macan,2025-10-06,1687.8273340163935,3328,0,9,461494,,0.0
CZ,Macan,2025-10-13,1717.616446449274,1956,0,7,405016,,0.0
CZ,Macan,2025-10-20,1827.177471082758,1416,1,12,393663,1827.177471082758,0.0007062146892655367
CZ,Macan,2025-10-27,2258.6782479422386,1712,0,7,635920,,0.0
CZ,Macan,2025-11-03,2142.3526116069975,1682,0,13,559769,,0.0
CZ,Macan,2025-11-10,2071.593965708361,1505,1,11,656670,2071.593965708361,0.000664451827242525
CZ,Macan,2025-11-17,2695.5698688194625,1567,0,10,506158,,0.0
CZ,Macan,2025-11-24,257.0851980575803,353,0,2,31455,,0.0
CZ,Macan,2025-12-01,179.46428159149883,351,0,5,2443,,0.0
CZ,Macan,2025-12-08,288.3311882874357,602,0,10,4219,,0.0
CZ,Macan,2025-12-15,286.28157671336646,636,1,6,3509,286.28157671336646,0.0015723270440251573
CZ,Macan,2025-12-22,264.25124826086693,663,0,4,4005,,0.0
CZ,Macan,2025-12-29,122.3019903843209,291,0,5,1837,,0.0
GREC,Macan,2025-08-18,670.279023,7504,0,48,579396,,0.0
GREC,Macan,2025-08-25,725.1253360000001,7642,2,48,577569,362.56266800000003,0.00026171159382360636
GREC,Macan,2025-09-01,777.553443,6081,2,37,507151,388.7767215,0.000328893274132544
GREC,Macan,2025-09-08,730.678748,4787,0,15,467523,,0.0
GREC,Macan,2025-09-15,714.1618,3987,2,43,414127,357.0809,0.0005016302984700275
GREC,Macan,2025-09-22,871.73,4561,0,36,495989,,0.0
GREC,Macan,2025-09-29,1066.334105,5371,1,42,710389,1066.334105,0.0001861850679575498
GREC,Macan,2025-10-06,467.507973,1570,1,11,161385,467.507973,0.0006369426751592356
GREC,Macan,2025-10-13,1504.333493,1834,0,13,645899,,0.0
GREC,Macan,2025-10-20,1684.183428,2096,0,30,801159,,0.0
GREC,Macan,2025-10-27,3453.4173739999997,3117,3,46,1365869,1151.1391246666665,0.0009624639076034649
GREC,Macan,2025-11-03,2005.389759,1722,0,23,662654,,0.0
GREC,Macan,2025-11-10,1276.6951530000001,1166,0,22,592502,,0.0
GREC,Macan,2025-11-17,1581.143943,1404,0,13,399604,,0.0
GREC,Macan,2025-11-24,258.533695,237,0,0,28069,,0.0
GREC,Macan,2025-12-01,451.077624,292,0,3,3254,,0.0
GREC,Macan,2025-12-08,803.898814,562,0,5,8044,,0.0
GREC,Macan,2025-12-15,779.335478,454,0,1,5936,,0.0
GREC,Macan,2025-12-22,744.147678,487,0,3,5432,,0.0
GREC,Macan,2025-12-29,210.000594,158,0,0,1466,,0.0
PCA,Cayenne,2025-11-03,4511.051917667915,3532,5,49,28463,902.2103835335831,0.0014156285390713476
PCA,Cayenne,2025-11-10,7782.2541772285595,3321,5,35,23453,1556.4508354457118,0.0015055706112616681
PCA,Cayenne,2025-11-17,7151.617168925031,1541,2,11,13159,3575.8085844625157,0.0012978585334198572
PCA,Cayenne,2025-11-24,9405.732085022644,4923,1,25,367291,9405.732085022644,0.00020312817387771684
PCA,Cayenne,2025-12-01,22007.34751292671,26617,10,144,3372661,2200.734751292671,0.0003756997407671789
PCA,Cayenne,2025-12-08,19968.605149194653,24864,1,84,3667134,19968.605149194653,4.021879021879022e-05
PCA,Cayenne,2025-12-15,23911.65002655724,25201,8,91,2875039,2988.956253319655,0.0003174477203285584
PCA,Cayenne,2025-12-22,22306.032203146886,27928,14,148,3300791,1593.2880145104918,0.0005012890289315383
PCA,Cayenne,2025-12-29,8320.573128671958,12977,5,80,1292058,1664.1146257343917,0.00038529706403637206
PCA,Macan,2025-11-03,450.5708655678888,163,0,2,2114,,0.0
PCA,Macan,2025-11-10,4793.938147707901,1532,3,20,13244,1597.9793825693005,0.0019582245430809398
PCA,Macan,2025-11-17,4311.536033118762,720,1,9,5381,4311.536033118762,0.001388888888888889
PCA,Macan,2025-11-24,14819.836632489054,12233,5,75,1412302,2963.967326497811,0.00040873048311943107
PCA,Macan,2025-12-01,16533.798749052265,16890,6,86,2507878,2755.6331248420443,0.00035523978685612787
PCA,Macan,2025-12-08,15021.971361780477,17392,1,66,2989123,15021.971361780477,5.749770009199632e-05
PCA,Macan,2025-12-15,17304.980557992443,17195,3,74,2224870,5768.326852664148,0.00017446932247746437
PCA,Macan,2025-12-22,14319.115380434769,17427,1,73,2102999,14319.115380434769,5.738222298731853e-05
PCA,Macan,2025-12-29,5472.180206049291,7892,3,35,955558,1824.060068683097,0.0003801317790167258
PCGB,Cayenne,2025-11-03,5064.022742942909,6897,3,38,194749,1688.0075809809696,0.00043497172683775554
PCGB,Cayenne,2025-11-10,6538.390083440879,14595,5,58,438848,1307.6780166881758,0.00034258307639602604
PCGB,Cayenne,2025-11-17,9275.952896851324,14540,20,79,399700,463.7976448425662,0.001375515818431912
PCGB,Cayenne,2025-11-24,7395.977473531958,10554,9,51,460897,821.7752748368843,0.0008527572484366117
PCGB,Cayenne,2025-12-01,17844.502168241295,22701,14,249,1652361,1274.6072977315212,0.0006167129201356768
PCGB,Cayenne,2025-12-08,31388.21404471153,29759,15,244,2846704,2092.5476029807687,0.0005040491952014517
PCGB,Cayenne,2025-12-15,27769.66770067158,28592,19,269,2513138,1461.5614579300832,0.0006645215444879687
PCGB,Cayenne,2025-12-22,28820.4914357162,31233,35,347,3086418,823.4426124490343,0.001120609611628726
PCGB,Cayenne,2025-12-29,8728.054490594113,12280,9,117,1152979,969.7838322882349,0.0007328990228013029
PCGB,Macan,2025-06-09,5707.027706976745,2638,4,16,31575,1426.7569267441863,0.001516300227445034
PCGB,Macan,2025-06-16,8319.343274418605,4753,8,18,59525,1039.9179093023256,0.001683147485798443
PCGB,Macan,2025-06-23,8573.193180232556,5101,5,39,61618,1714.6386360465112,0.0009801999607920015
PCGB,Macan,2025-06-30,4827.7989965116285,5075,11,39,262485,438.8908178646935,0.002167487684729064
PCGB,Macan,2025-07-07,9883.77841511628,5702,15,56,1228327,658.9185610077519,0.002630655910206945
PCGB,Macan,2025-07-14,9558.944706976743,4959,6,37,929479,1593.1574511627905,0.0012099213551119178
PCGB,Macan,2025-07-21,9607.149865116278,6010,11,57,727505,873.3772604651163,0.0018302828618968385
PCGB,Macan,2025-07-28,4548.474660465116,3275,11,32,468431,413.49769640591967,0.0033587786259541984
PCGB,Macan,2025-08-04,4204.751974418605,3054,6,18,438606,700.7919957364342,0.0019646365422396855
PCGB,Macan,2025-08-11,4591.448910465117,1278,1,6,263187,4591.448910465117,0.000782472613458529
PCGB,Macan,2025-08-18,4082.628961627907,2501,3,24,636866,1360.8763205426355,0.0011995201919232307
PCGB,Macan,2025-08-25,4022.6003441860466,3312,4,28,763510,1005.6500860465117,0.0012077294685990338
PCGB,Macan,2025-09-01,4418.827043023256,3740,6,30,676006,736.4711738372093,0.0016042780748663102
PCGB,Macan,2025-09-08,4235.191243023256,3243,0,17,532436,,0.0
PCGB,Macan,2025-09-15,4342.786630232558,2831,5,18,512703,868.5573260465117,0.0017661603673613563
PCGB,Macan,2025-09-22,4078.5167627906976,2963,1,7,570264,4078.5167627906976,0.0003374957813027337
PCGB,Macan,2025-09-29,1659.309881395349,1740,4,20,163341,414.82747034883727,0.0022988505747126436
PCGB,Macan,2025-10-06,597.5617406976744,1309,3,15,6565,199.1872468992248,0.002291825821237586
PCGB,Macan,2025-10-13,1466.1435242957648,3307,3,16,340139,488.7145080985883,0.0009071666162685213
PCGB,Macan,2025-10-20,1121.1500247704332,3469,6,27,326402,186.85833746173887,0.0017296050735082155
PCGB,Macan,2025-10-27,2482.297211301011,4865,10,34,515528,248.2297211301011,0.0020554984583761563
PCGB,Macan,2025-11-03,5610.8701475950265,6651,7,49,1036614,801.5528782278609,0.0010524733122838671
PCGB,Macan,2025-11-10,8679.966963467325,8153,14,42,1607743,619.997640247666,0.0017171593278547774
PCGB,Macan,2025-11-17,18012.280339135472,10944,14,69,1517538,1286.5914527953908,0.0012792397660818713
PCGB,Macan,2025-11-24,22190.50983235528,14439,13,124,1462673,1706.9622947965602,0.0009003393586813492
PCGB,Macan,2025-12-01,17167.250805690313,10753,12,131,1039335,1430.604233807526,0.0011159676369385289
PCGB,Macan,2025-12-08,9877.557644016282,7276,8,64,619896,1234.6947055020353,0.0010995052226498076
PCGB,Macan,2025-12-15,8993.391502828761,5707,4,52,344340,2248.3478757071903,0.0007008936393902226
PCGB,Macan,2025-12-22,9345.427741440259,5464,4,66,327576,2336.3569353600647,0.0007320644216691069
PCGB,Macan,2025-12-29,3767.782481718189,2324,3,26,139271,1255.927493906063,0.0012908777969018934
PCH,Macan,2025-11-03,24.76214669243986,32,0,1,263,,0.0
PCH,Macan,2025-11-10,742.0261170420362,1244,0,4,9608,,0.0
PCH,Macan,2025-11-17,5280.6592513382575,2245,4,13,367648,1320.1648128345644,0.0017817371937639199
PCH,Macan,2025-11-24,7985.114554419156,6743,7,39,622069,1140.730650631308,0.0010381135992881506
PCH,Macan,2025-12-01,11641.660575129185,7970,3,52,1008314,3880.5535250430617,0.0003764115432873275
PCH,Macan,2025-12-08,12147.062101634185,6907,0,24,1146960,,0.0
PCH,Macan,2025-12-15,10734.313138518755,6571,3,44,987864,3578.104379506252,0.0004565515142291889
PCH,Macan,2025-12-22,10658.723976412948,6810,4,46,1266828,2664.680994103237,0.0005873715124816446
PCH,Macan,2025-12-29,4327.658621977272,2465,0,15,600034,,0.0
PCL,Cayenne,2025-11-03,3446.2674911825707,3316,4,18,27632,861.5668727956427,0.0012062726176115801
PCL,Cayenne,2025-11-10,3603.759339404656,4092,2,8,23103,1801.879669702328,0.0004887585532746823
PCL,Cayenne,2025-11-17,4345.103031310151,4921,0,7,30097,,0.0
PCL,Cayenne,2025-11-24,9846.847013898556,20738,8,88,1149586,1230.8558767373195,0.00038576526183817147
PCL,Cayenne,2025-12-01,12973.776026687794,21279,3,129,1649752,4324.592008895931,0.00014098406880022558
PCL,Cayenne,2025-12-08,13105.66715147675,19895,4,108,1655170,3276.4167878691874,0.00020105554159336516
PCL,Cayenne,2025-12-15,10079.774370861862,15000,3,79,1181012,3359.924790287287,0.0002
PCL,Cayenne,2025-12-22,12184.645361218103,15714,12,122,1353636,1015.3871134348419,0.0007636502481863307
PCL,Cayenne,2025-12-29,5277.9693263686295,5879,3,48,627378,1759.323108789543,0.0005102908657935023
PCL,Macan,2025-07-28,297.638724375,227,0,1,1782,,0.0
PCL,Macan,2025-08-04,485.816263125,394,1,4,3021,485.816263125,0.0025380710659898475
PCL,Macan,2025-08-11,545.350171875,378,0,0,3102,,0.0
PCL,Macan,2025-08-18,4821.814953749999,2980,2,18,37199,2410.9074768749997,0.0006711409395973154
PCL,Macan,2025-08-25,7177.205875625,3892,2,18,109996,3588.6029378125,0.0005138746145940391
PCL,Macan,2025-09-01,7657.5282449999995,3509,2,16,141572,3828.7641224999998,0.0005699629524080935
PCL,Macan,2025-09-08,5779.99004625,2920,0,14,196869,,0.0
PCL,Macan,2025-09-15,4987.97635625,2128,3,7,159227,1662.6587854166667,0.0014097744360902255
PCL,Macan,2025-09-22,4898.770890625,2136,1,10,246632,4898.770890625,0.00046816479400749064
PCL,Macan,2025-09-29,1507.0558624999999,768,1,4,88284,1507.0558624999999,0.0013020833333333333
PCL,Macan,2025-10-06,3630.8367346938767,322,0,0,323715,,0.0
PCL,Macan,2025-10-13,10918.67167160922,3148,4,22,853055,2729.667917902305,0.0012706480304955528
PCL,Macan,2025-10-20,15115.356103170523,4642,7,39,1027039,2159.336586167218,0.0015079707022834985
PCL,Macan,2025-10-27,8042.8907653652805,2066,2,12,695163,4021.4453826826402,0.000968054211035818
PCL,Macan,2025-11-03,12498.506417585688,2423,2,17,1205800,6249.253208792844,0.0008254230293025176
PCL,Macan,2025-11-10,14823.253406196041,3065,3,15,1381182,4941.084468732014,0.0009787928221859706
PCL,Macan,2025-11-17,12195.297359944085,4670,1,5,712457,12195.297359944085,0.00021413276231263382
PCL,Macan,2025-11-24,10882.493463526716,5228,3,28,876456,3627.497821175572,0.0005738332058148432
PCL,Macan,2025-12-01,9288.569856906628,6243,1,33,668441,9288.569856906628,0.00016017940092904052
PCL,Macan,2025-12-08,10564.658247126315,6289,0,24,872762,,0.0
PCL,Macan,2025-12-15,9723.193295484692,5335,3,39,635937,3241.0644318282307,0.0005623242736644799
PCL,Macan,2025-12-22,9058.722799653915,5367,2,41,687184,4529.3613998269575,0.0003726476616359232
PCL,Macan,2025-12-29,3716.043388145433,1940,0,13,301113,,0.0
PCNA,Cayenne,2025-11-10,13856.297474846722,4726,0,20,903964,,0.0
PCNA,Cayenne,2025-11-17,42229.5905030176,16895,44,260,1116401,959.7634205231273,0.002604320804971885
PCNA,Cayenne,2025-11-24,48453.51487731052,15961,44,203,1004584,1101.2162472116026,0.0027567195037904893
PCNA,Cayenne,2025-12-01,36664.030037405275,13070,50,179,938646,733.2806007481055,0.0038255547054322878
PCNA,Cayenne,2025-12-08,49893.02686279843,15267,60,205,1112760,831.5504477133072,0.003930045195519749
PCNA,Cayenne,2025-12-15,30926.435536831195,11552,46,187,674823,672.3138160180695,0.003981994459833795
PCNA,Cayenne,2025-12-22,84334.23803686695,18333,67,321,2263299,1258.7199706995068,0.0036546119020345823
PCNA,Cayenne,2025-12-29,59110.757617897194,13692,62,229,1284059,953.3993164176967,0.004528191644756062
PD,Cayenne,2025-11-03,15303.380136,8627,2,46,627678,7651.690068,0.0002318303002202388
PD,Cayenne,2025-11-10,20866.446539,15801,8,99,1140940,2608.305817375,0.0005062970698057085
PD,Cayenne,2025-11-17,22658.359798,20446,18,115,953486,1258.7977665555557,0.0008803677981023183
PD,Cayenne,2025-11-24,22168.788795,16085,13,60,830287,1705.291445769231,0.0008082064034815045
PD,Cayenne,2025-12-01,24535.313672,15340,14,81,1056574,1752.5224051428572,0.0009126466753585397
PD,Cayenne,2025-12-08,26284.376864,16792,17,93,1196729,1546.1398155294119,0.0010123868508813722
PD,Cayenne,2025-12-15,24373.407497,16635,17,103,1106261,1433.7298527647058,0.001021941689209498
PD,Cayenne,2025-12-22,22459.171831,17989,15,74,1269590,1497.2781220666666,0.000833842903996887
PD,Cayenne,2025-12-29,8786.645531,7193,8,47,547393,1098.330691375,0.0011121924092868066
PD,Macan,2025-06-09,5036.512396,1535,0,3,34431,,0.0
PD,Macan,2025-06-16,9445.458793,2768,0,11,50768,,0.0
PD,Macan,2025-06-23,8013.26476,2607,5,13,47368,1602.652952,0.0019179133103183737
PD,Macan,2025-06-30,9664.350738,3991,3,29,205606,3221.450246,0.0007516913054372337
PD,Macan,2025-07-07,8820.86872,5355,5,40,329610,1764.1737440000002,0.0009337068160597573
PD,Macan,2025-07-14,8743.98345,7003,5,42,316034,1748.79669,0.0007139797229758674
PD,Macan,2025-07-21,7637.361613,9465,7,51,239646,1091.051659,0.0007395668251452721
PD,Macan,2025-07-28,7599.376552,10452,6,64,348877,1266.5627586666667,0.000574052812858783
PD,Macan,2025-08-04,6991.893002,9577,3,68,345118,2330.6310006666668,0.000313250495979952
PD,Macan,2025-08-11,6652.272226,7639,9,49,236439,739.1413584444444,0.0011781646812410002
PD,Macan,2025-08-18,8207.571483,6493,6,43,322469,1367.9285805,0.0009240720776220545
PD,Macan,2025-08-25,7812.81956,5584,9,45,279883,868.0910622222223,0.0016117478510028654
PD,Macan,2025-09-01,8624.425212,6437,0,49,322806,,0.0
PD,Macan,2025-09-08,8638.493973,7483,3,45,344658,2879.497991,0.00040090872644661234
PD,Macan,2025-09-15,8350.72775,6374,6,32,295196,1391.7879583333333,0.0009413241292751804
PD,Macan,2025-09-22,8542.236369,8718,4,42,383761,2135.55909225,0.0004588208304657031
PD,Macan,2025-09-29,12591.750963,12688,9,77,953462,1399.0834403333333,0.0007093316519546028
PD,Macan,2025-10-06,13882.042591,12914,8,89,1090429,1735.255323875,0.0006194827319188478
PD,Macan,2025-10-13,12412.621351,15371,5,98,1278530,2482.5242702,0.0003252878797735996
PD,Macan,2025-10-20,15470.186299,17138,8,97,1390001,1933.773287375,0.00046679892636246936
PD,Macan,2025-10-27,21848.308795,22284,8,117,2399147,2731.038599375,0.0003590019745108598
PD,Macan,2025-11-03,17788.087719,9564,9,46,472365,1976.4541909999998,0.0009410288582183187
PD,Macan,2025-11-10,19789.038061000007,9399,14,73,594477,1413.5027186428576,0.0014895201617193318
PD,Macan,2025-11-17,21107.28945099999,9836,10,64,510255,2110.728945099999,0.0010166734444896298
PD,Macan,2025-11-24,20874.211415999995,8384,7,48,492978,2982.0302022857136,0.0008349236641221374
PD,Macan,2025-12-01,21112.692100999997,9010,10,49,601481,2111.2692101,0.0011098779134295228
PD,Macan,2025-12-08,22529.728229999997,9022,5,50,549019,4505.945645999999,0.0005542008423852804
PD,Macan,2025-12-15,21003.898227,9752,8,70,490250,2625.487278375,0.0008203445447087777
PD,Macan,2025-12-22,20975.281883999993,10300,6,54,561372,3495.8803139999986,0.0005825242718446602
PD,Macan,2025-12-29,8962.311416000006,3954,5,26,227718,1792.4622832000011,0.0012645422357106728
PIB POR,Macan,2025-11-03,63.436047,68,0,0,2125,,0.0
PIB POR,Macan,2025-11-10,546.517109,581,1,2,7398,546.517109,0.0017211703958691911
PIB POR,Macan,2025-11-17,865.093353,899,2,3,9572,432.5466765,0.002224694104560623
PIB POR,Macan,2025-11-24,1468.529086,2181,4,33,238893,367.1322715,0.0018340210912425492
PIB POR,Macan,2025-12-01,2248.301202,3863,2,56,687847,1124.150601,0.0005177323323841574
PIB POR,Macan,2025-12-08,2588.5803339999998,3122,2,39,796758,1294.2901669999999,0.0006406149903907751
PIB POR,Macan,2025-12-15,2330.955631,2642,1,29,617435,2330.955631,0.0003785011355034065
PIB POR,Macan,2025-12-22,2569.745691,3151,3,51,833741,856.581897,0.000952078705172961
PIB POR,Macan,2025-12-29,1014.38652,1182,4,18,370780,253.59663,0.00338409475465313
PIB SPA,Cayenne,2025-10-27,0.07,4,0,0,85,,0.0
PIB SPA,Cayenne,2025-11-03,5969.553403,6454,4,49,928806,1492.38835075,0.0006197706848466068
PIB SPA,Cayenne,2025-11-10,7408.797846,7433,2,61,1360991,3704.398923,0.0002690703618996368
PIB SPA,Cayenne,2025-11-17,8638.071107,8474,3,61,971939,2879.3570356666664,0.00035402407363700734
PIB SPA,Cayenne,2025-11-24,10873.001934,10151,4,95,2005955,2718.2504835,0.00039404984730568416
PIB SPA,Cayenne,2025-12-01,14201.195182,15767,4,172,3473220,3550.2987955,0.0002536944250650092
PIB SPA,Cayenne,2025-12-08,15657.303033,15796,2,166,4092816,7828.6515165,0.00012661433274246644
PIB SPA,Cayenne,2025-12-15,14419.101051,13519,1,118,3496610,14419.101051,7.396996819291368e-05
PIB SPA,Cayenne,2025-12-22,15390.115035,15136,6,142,4104454,2565.0191725,0.0003964059196617336
PIB SPA,Cayenne,2025-12-29,6455.002106,5596,3,53,1719166,2151.667368666667,0.000536097212294496
PIB SPA,Macan,2025-06-16,2038.283907,1509,0,2,37197,,0.0
PIB SPA,Macan,2025-06-23,1978.642813,1089,1,3,35210,1978.642813,0.0009182736455463728
PIB SPA,Macan,2025-06-30,5221.570833,3578,2,25,237031,2610.7854165,0.0005589714924538849
PIB SPA,Macan,2025-07-07,7092.772618,4273,3,33,385419,2364.257539333333,0.0007020828457758015
PIB SPA,Macan,2025-07-14,13743.120204,5352,5,32,395798,2748.6240408000003,0.0009342301943198804
PIB SPA,Macan,2025-07-21,8407.958969,4906,4,28,305191,2101.98974225,0.0008153281695882593
PIB SPA,Macan,2025-07-28,6386.748643,5050,5,40,311778,1277.3497286,0.0009900990099009901
PIB SPA,Macan,2025-08-04,4326.823825,4713,3,37,487373,1442.2746083333334,0.0006365372374283895
PIB SPA,Macan,2025-08-11,3339.618393,3508,4,40,394428,834.90459825,0.0011402508551881414
PIB SPA,Macan,2025-08-18,3888.965323,4076,5,30,539793,777.7930646,0.0012266928361138372
PIB SPA,Macan,2025-08-25,3920.947678,3477,4,25,562979,980.2369195,0.0011504170261719873
PIB SPA,Macan,2025-09-01,4235.777135,3501,2,19,516226,2117.8885675,0.0005712653527563553
PIB SPA,Macan,2025-09-08,4550.019322,3620,3,35,534642,1516.6731073333333,0.0008287292817679558
PIB SPA,Macan,2025-09-15,5213.271019,3732,3,34,569313,1737.7570063333333,0.0008038585209003215
PIB SPA,Macan,2025-09-22,5353.744015,4774,2,30,792527,2676.8720075,0.00041893590280687055
PIB SPA,Macan,2025-09-29,5042.684198,5892,4,57,791673,1260.6710495,0.0006788866259334691
PIB SPA,Macan,2025-10-06,2251.53,4224,2,41,554507,1125.765,0.0004734848484848485
PIB SPA,Macan,2025-10-13,9188.48823,8101,4,79,1371113,2297.1220575,0.0004937662017034934
PIB SPA,Macan,2025-10-20,10001.231362,10885,3,92,2198240,3333.7437873333333,0.0002756086357372531
PIB SPA,Macan,2025-10-27,16912.29393,13630,1,105,4167674,16912.29393,7.336757153338224e-05
PIB SPA,Macan,2025-11-03,9863.094629000001,7730,6,56,1785591,1643.8491048333335,0.0007761966364812419
PIB SPA,Macan,2025-11-10,8052.276714,6576,3,48,1261915,2684.0922379999997,0.0004562043795620438
PIB SPA,Macan,2025-11-17,5113.208239,5929,2,48,1488446,2556.6041195,0.00033732501264968796
PIB SPA,Macan,2025-11-24,8641.336689,6892,2,80,2521210,4320.6683445,0.0002901915264074289
PIB SPA,Macan,2025-12-01,14575.420814,9889,2,125,4246263,7287.710407,0.00020224491859642025
PIB SPA,Macan,2025-12-08,16032.384356999999,9655,3,106,4417362,5344.128119,0.00031071983428275507
PIB SPA,Macan,2025-12-15,14492.500127,9559,5,69,3846719,2898.5000253999997,0.0005230672664504655
PIB SPA,Macan,2025-12-22,13853.590705,10301,5,96,4399314,2770.7181410000003,0.0004853897679836909
PIB SPA,Macan,2025-12-29,5427.432799,3898,3,27,1849825,1809.1442663333335,0.0007696254489481786
PIT,Cayenne,2025-10-27,3442.2780940000002,4011,0,31,727289,,0.0
PIT,Cayenne,2025-11-03,7144.051145,11770,7,102,1175990,1020.578735,0.0005947323704333051
PIT,Cayenne,2025-11-10,7234.001747,11784,8,67,1092211,904.250218375,0.0006788866259334691
PIT,Cayenne,2025-11-17,6569.883234,11050,9,59,913615,729.987026,0.0008144796380090498
PIT,Cayenne,2025-11-24,7128.9094939999995,9477,5,47,833193,1425.7818988,0.0005275931201857128
PIT,Cayenne,2025-12-01,7115.653131,9780,2,57,962791,3557.8265655,0.00020449897750511248
PIT,Cayenne,2025-12-08,11010.156686,12493,9,104,2144606,1223.3507428888888,0.0007204034259185143
PIT,Cayenne,2025-12-15,11909.667595,12118,4,81,2232484,2977.41689875,0.00033008747318039283
PIT,Cayenne,2025-12-22,12425.135429,13073,3,94,3245408,4141.711809666666,0.0002294806088885489
PIT,Cayenne,2025-12-29,4656.607216,4965,2,53,1538499,2328.303608,0.0004028197381671702
PIT,Macan,2025-06-09,1964.043823,309,3,6,9442,654.6812743333334,0.009708737864077669
PIT,Macan,2025-06-16,2342.575935,1985,1,13,27101,2342.575935,0.0005037783375314861
PIT,Macan,2025-06-23,2267.192936,2265,0,16,27412,,0.0
PIT,Macan,2025-06-30,2220.566048,1512,0,11,29921,,0.0
PIT,Macan,2025-07-07,3415.091084,2628,5,34,189246,683.0182168,0.001902587519025875
PIT,Macan,2025-07-14,4470.2935800000005,3059,10,52,358593,447.02935800000006,0.0032690421706440013
PIT,Macan,2025-07-21,4628.469078,4558,10,111,382817,462.8469078,0.002193944712593243
PIT,Macan,2025-07-28,3920.427251,4623,5,88,224268,784.0854502,0.001081548777849881
PIT,Macan,2025-08-04,3310.599975,4814,4,90,62733,827.64999375,0.0008309098462816784
PIT,Macan,2025-08-11,3177.945285,4593,9,70,66011,353.10503166666666,0.001959503592423253
PIT,Macan,2025-08-18,3242.639477,4403,5,69,60577,648.5278954,0.0011355893708834886
PIT,Macan,2025-08-25,4933.353845,4672,4,134,668731,1233.33846125,0.0008561643835616438
PIT,Macan,2025-09-01,5594.764807,4829,4,114,703674,1398.69120175,0.0008283288465520812
PIT,Macan,2025-09-08,5590.671523,6130,17,149,622225,328.86303076470585,0.0027732463295269166
PIT,Macan,2025-09-15,5462.5508389999995,6395,15,159,588798,364.1700559333333,0.0023455824863174357
PIT,Macan,2025-09-22,5297.183455,6432,9,146,539278,588.5759394444444,0.0013992537313432835
PIT,Macan,2025-09-29,4728.131341,5206,10,92,463229,472.8131341,0.001920860545524395
PIT,Macan,2025-10-06,5088.568893,6365,12,100,459330,424.04740775,0.0018853102906520032
PIT,Macan,2025-10-13,4674.550528,6155,12,97,451373,389.5458773333333,0.0019496344435418359
PIT,Macan,2025-10-20,4650.069739,6351,11,101,406360,422.7336126363636,0.0017320107069752795
PIT,Macan,2025-10-27,5229.006502,6927,16,139,520311,326.812906375,0.0023098022231846397
PIT,Macan,2025-11-03,6320.443383,6170,17,111,669654,371.7907872352941,0.0027552674230145865
PIT,Macan,2025-11-10,6256.217582,6090,12,99,616569,521.3514651666667,0.0019704433497536944
PIT,Macan,2025-11-17,5339.275504,5755,16,91,518518,333.704719,0.002780191138140747
PIT,Macan,2025-11-24,6684.5731240000005,5190,17,103,425613,393.2101837647059,0.0032755298651252407
PIT,Macan,2025-12-01,7108.241908,6296,13,120,840957,546.7878390769231,0.002064803049555273
PIT,Macan,2025-12-08,11447.198518000001,7837,20,134,1887539,572.3599259,0.0025519969376036748
PIT,Macan,2025-12-15,9512.063256,7549,10,114,1403941,951.2063255999999,0.0013246787653993907
PIT,Macan,2025-12-22,6000.1491080000005,7126,5,96,824247,1200.0298216,0.0007016559079427449
PIT,Macan,2025-12-29,2409.1152469999997,3086,3,42,392142,803.0384156666665,0.0009721322099805574
PKO,Cayenne,2025-11-17,207.1348,8,1,5,141598,207.1348,0.125
PKO,Cayenne,2025-11-24,7647.090555926008,4228,18,2442,4049017,424.83836421811156,0.004257332071901609
PKO,Cayenne,2025-12-01,16989.832481410696,10892,28,7635,10384638,606.7797314789534,0.002570694087403599
PKO,Cayenne,2025-12-08,18289.021138575154,9260,18,5279,10117200,1016.0567299208419,0.0019438444924406047
PKO,Cayenne,2025-12-15,17500.638367602267,7251,17,4022,8481193,1029.4493157413099,0.00234450420631637
PKO,Cayenne,2025-12-22,16696.365436929613,7747,6,3477,7893542,2782.7275728216023,0.0007744933522653931
PKO,Cayenne,2025-12-29,7460.268187649985,3902,3,1709,4428560,2486.756062549995,0.0007688364941055869
PNO,Macan,2025-07-07,730.4225144235885,1370,0,4,50842,,0.0
PNO,Macan,2025-07-14,1784.976713827419,2750,2,12,111316,892.4883569137095,0.0007272727272727272
PNO,Macan,2025-07-21,1998.195055138486,2593,3,11,205522,666.0650183794953,0.0011569610489780178
PNO,Macan,2025-07-28,1618.0324028936868,4914,5,10,88829,323.6064805787374,0.0010175010175010174
PNO,Macan,2025-08-04,1117.5222314377975,2744,2,13,35013,558.7611157188987,0.0007288629737609329
PNO,Macan,2025-08-11,1857.532374751538,1956,6,8,53040,309.58872912525635,0.003067484662576687
PNO,Macan,2025-08-18,2397.3328950885953,2043,6,12,86471,399.55548251476586,0.002936857562408223
PNO,Macan,2025-08-25,2077.9363635838945,1820,5,11,71018,415.5872727167789,0.0027472527472527475
PNO,Macan,2025-09-01,1941.7264996439749,1948,2,11,59163,970.8632498219874,0.001026694045174538
PNO,Macan,2025-09-08,1993.8133960523803,1525,3,6,58217,664.6044653507935,0.0019672131147540984
PNO,Macan,2025-09-15,1387.8380662026664,1432,5,8,42899,277.56761324053326,0.0034916201117318434
PNO,Macan,2025-09-22,1763.3664153247246,1581,0,5,71403,,0.0
PNO,Macan,2025-09-29,1293.2149662791373,777,3,3,19735,431.0716554263791,0.003861003861003861
PNO,Macan,2025-10-06,885.4107000851066,705,1,1,3517,885.4107000851066,0.0014184397163120568
PNO,Macan,2025-10-13,950.2247278625091,883,0,0,3563,,0.0
PNO,Macan,2025-10-20,3722.447411981627,4198,3,17,220551,1240.8158039938755,0.0007146260123868509
PNO,Macan,2025-10-27,4909.22071415837,4829,2,13,346544,2454.610357079185,0.0004141644232760406
PNO,Macan,2025-11-03,5213.6541162778285,4094,0,15,310808,,0.0
PNO,Macan,2025-11-10,5734.71703202279,3249,0,9,277563,,0.0
PNO,Macan,2025-11-17,2958.289490975719,2222,3,8,134496,986.0964969919064,0.0013501350135013501
PNO,Macan,2025-11-24,8289.50786841126,3487,3,18,399422,2763.1692894704197,0.0008603383997705764
PNO,Macan,2025-12-01,7634.849620233213,3001,5,15,493210,1526.9699240466425,0.0016661112962345886
PNO,Macan,2025-12-08,7496.872728476955,2577,0,9,582970,,0.0
PNO,Macan,2025-12-15,7101.897297248635,2340,1,13,459093,7101.897297248635,0.00042735042735042735
PNO,Macan,2025-12-22,6710.7719390198545,2822,2,20,742572,3355.3859695099272,0.0007087172218284905
PNO,Macan,2025-12-29,2764.670782860345,1247,0,5,333875,,0.0
POF,Macan,2025-06-16,4404.197551,2996,1,10,31319,4404.197551,0.0003337783711615487
POF,Macan,2025-06-23,4847.605789,4019,4,16,40361,1211.90144725,0.0009952724558347848
POF,Macan,2025-06-30,5041.062183,3317,4,13,45729,1260.26554575,0.0012059089538739825
POF,Macan,2025-07-07,5881.345697,6477,3,50,243319,1960.4485656666666,0.0004631773969430292
POF,Macan,2025-07-14,10091.212733,14721,7,165,1358419,1441.601819,0.00047551117451260106
POF,Macan,2025-07-21,9763.905119,17446,10,199,1836868,976.3905118999999,0.0005731972945087699
POF,Macan,2025-07-28,7004.934787,15194,5,200,1829002,1400.9869574,0.000329077267342372
POF,Macan,2025-08-04,3257.495028,10195,3,123,1745049,1085.831676,0.00029426189308484553
POF,Macan,2025-08-11,2835.610154,7850,2,73,1771316,1417.805077,0.00025477707006369424
POF,Macan,2025-08-18,3272.821181,7877,7,59,1706978,467.54588299999995,0.0008886631966484702
POF,Macan,2025-08-25,3193.858652,6721,1,54,1565981,3193.858652,0.00014878738282993602
POF,Macan,2025-09-01,4671.52406,8056,5,53,1575215,934.304812,0.0006206554121151937
POF,Macan,2025-09-08,5014.725814,8995,7,48,1579101,716.389402,0.0007782101167315176
POF,Macan,2025-09-15,4623.220389,8538,8,83,1453205,577.902548625,0.0009369875849144999
POF,Macan,2025-09-22,4395.7368050000005,7288,5,65,1246871,879.147361,0.0006860592755214051
POF,Macan,2025-09-29,4975.723865,9539,5,98,1553986,995.144773,0.0005241639584862145
POF,Macan,2025-10-06,5437.680689,11839,4,114,1702120,1359.42017225,0.00033786637384914265
POF,Macan,2025-10-13,6329.1884039999995,12829,4,104,2112520,1582.2971009999999,0.00031179359264167124
POF,Macan,2025-10-20,7710.881002,14113,6,112,2521951,1285.1468336666667,0.0004251399418975413
POF,Macan,2025-10-27,14685.341719,22606,3,140,4545264,4895.113906333333,0.0001327081305848005
POF,Macan,2025-11-03,11304.268525,15718,8,104,2606793,1413.033565625,0.0005089706069474488
POF,Macan,2025-11-10,11133.403319,13599,2,44,1915122,5566.7016595,0.00014706963747334364
POF,Macan,2025-11-17,10741.505877,14066,7,63,2305762,1534.5008395714285,0.0004976539172472629
POF,Macan,2025-11-24,14870.545675,13654,7,93,2491338,2124.363667857143,0.0005126702797714956
POF,Macan,2025-12-01,21895.853514,19643,9,125,3256748,2432.8726126666666,0.00045817848597464746
POF,Macan,2025-12-08,23081.286246,18577,17,129,3327855,1357.7227203529412,0.0009151100823599074
POF,Macan,2025-12-15,20831.852928,17664,11,139,2895072,1893.8048116363636,0.0006227355072463768
POF,Macan,2025-12-22,21028.103888,18101,6,111,3312428,3504.6839813333336,0.00033147339925970943
POF,Macan,2025-12-29,8049.190587,7695,2,53,1517624,4024.5952935,0.0002599090318388564
PPL,Cayenne,2025-10-27,569.6280946898496,376,0,0,9708,,0.0
PPL,Cayenne,2025-11-03,1650.9415693578217,1180,0,1,21427,,0.0
PPL,Cayenne,2025-11-10,1861.2251386870894,1356,0,4,26732,,0.0
PPL,Cayenne,2025-11-17,5597.641436512299,8264,1,61,1135300,5597.641436512299,0.00012100677637947725
PPL,Cayenne,2025-11-24,6507.137616927679,6229,5,95,1494777,1301.4275233855358,0.0008026970621287526
PPL,Cayenne,2025-12-01,11288.337536938769,8877,3,89,3267516,3762.7791789795897,0.0003379520108144643
PPL,Cayenne,2025-12-08,15500.20785743896,8759,2,86,4076285,7750.10392871948,0.00022833656810138144
PPL,Cayenne,2025-12-15,15277.027557578509,8250,2,86,3333702,7638.5137787892545,0.00024242424242424242
PPL,Cayenne,2025-12-22,13263.755124578862,14274,6,126,4437237,2210.625854096477,0.0004203446826397646
PPL,Cayenne,2025-12-29,4734.421905457139,5370,1,45,1871770,4734.421905457139,0.00018621973929236498
PTW,Cayenne,2025-10-20,2707.1107110711073,9347,0,3,1957727,,0.0
PTW,Cayenne,2025-10-27,10590.84908490849,22116,0,14,6807672,,0.0
PTW,Cayenne,2025-11-03,13121.422142214222,18818,0,9,6984885,,0.0
PTW,Cayenne,2025-11-10,9620.43204320432,14474,0,5,5062078,,0.0
PTW,Cayenne,2025-11-17,1395.4995499549955,3367,0,1,775970,,0.0
PTW,Cayenne,2025-11-24,3512.6012601260127,6127,0,0,2478613,,0.0
PTW,Cayenne,2025-12-01,6157.129237335872,7367,0,5,3896003,,0.0
PTW,Cayenne,2025-12-08,9416.071721289627,2253,0,4,7137002,,0.0
PTW,Cayenne,2025-12-15,8306.194917731114,1058,0,2,6642836,,0.0
PTW,Cayenne,2025-12-22,8186.002022319699,37,0,0,6764015,,0.0
PTW,Cayenne,2025-12-29,3320.764902246705,8,0,0,2816342,,0.0
PTW,Macan,2025-10-06,12320.13201320132,26829,0,11,8896897,,0.0
PTW,Macan,2025-10-13,9431.803180318031,20188,0,7,6628460,,0.0
PTW,Macan,2025-10-20,1869.066906690669,5205,0,0,1242269,,0.0
PTW,Macan,2025-10-27,5566.366636663667,11802,0,2,3822072,,0.0
PTW,Macan,2025-11-03,6229.22292229223,11000,0,5,3558730,,0.0
PTW,Macan,2025-11-10,4928.352835283528,8339,1,2,2758943,4928.352835283528,0.0001199184554502938
PTW,Macan,2025-11-17,3621.7521752175217,5944,0,2,2066368,,0.0
PTW,Macan,2025-11-24,6267.866786678667,13013,0,4,4622621,,0.0
PTW,Macan,2025-12-01,7018.331833183319,8228,0,5,6276374,,0.0
PTW,Macan,2025-12-08,8001.290129012901,1952,0,3,6860975,,0.0
PTW,Macan,2025-12-15,6965.736573657366,1721,0,3,6189459,,0.0
PTW,Macan,2025-12-22,6865.136513651365,1498,1,1,6515085,6865.136513651365,0.0006675567423230974
PTW,Macan,2025-12-29,2762.6762676267626,571,0,2,2901420,,0.0
TRK,Macan,2025-08-18,919.0999047500001,8453,15,248,1035032,61.27332698333334,0.0017745179226310187
TRK,Macan,2025-08-25,822.1997391041666,7190,7,163,1052932,117.45710558630951,0.0009735744089012518
TRK,Macan,2025-09-01,884.9333980208334,6241,6,107,1117897,147.4888996701389,0.0009613843935266784
TRK,Macan,2025-09-08,852.8601950833333,5323,5,92,898181,170.57203901666668,0.0009393199323689649
TRK,Macan,2025-09-15,1040.7916953333333,5551,6,128,974648,173.46528255555555,0.0010808863267879661
TRK,Macan,2025-09-22,1069.9655934583334,7199,9,222,1199546,118.88506593981482,0.0012501736352271149
TRK,Macan,2025-09-29,1210.4556680625,8138,9,203,1776933,134.49507422916668,0.0011059228311624477
TRK,Macan,2025-10-06,61.47813274999999,230,1,1,1583,61.47813274999999,0.004347826086956522
TRK,Macan,2025-10-13,2331.489241820523,10947,7,161,1685781,333.0698916886462,0.000639444596693158
TRK,Macan,2025-10-20,7137.1588624950255,35264,24,355,7393248,297.38161927062606,0.0006805807622504537
TRK,Macan,2025-10-27,6128.2726222281835,28714,23,413,7944821,266.44663574905144,0.0008010029950546772
TRK,Macan,2025-11-03,3261.8650880425366,15050,10,217,3920578,326.18650880425366,0.000664451827242525
TRK,Macan,2025-11-10,2081.7010030104657,17863,10,160,2695875,208.17010030104657,0.0005598163802272854
TRK,Macan,2025-11-17,2468.3243865120266,11584,13,192,2242768,189.87110665477127,0.0011222375690607734
TRK,Macan,2025-11-24,2104.083465204614,9368,6,147,2012941,350.6805775341024,0.0006404782237403928
TRK,Macan,2025-12-01,5948.298853218345,27654,26,366,6670278,228.7807251237825,0.000940189484342229
TRK,Macan,2025-12-08,10891.505575140814,31578,34,435,11334557,320.33839926884747,0.0010766989676356958
TRK,Macan,2025-12-15,11755.887303085026,30657,23,457,11924821,511.12553491674026,0.000750236487588479
TRK,Macan,2025-12-22,12278.53134032194,29295,20,407,12679067,613.926567016097,0.000682710360129715
TRK,Macan,2025-12-29,5121.874412757715,13570,11,156,5790230,465.6249466143377,0.0008106116433308769
